x1,x2,x3,y
0.511942218869,0.412118485242,0.540302305868,3.13513359407
-0.385495035898,-0.756802495308,0.753902254343,1.18965565737
-0.0166378209851,0.989358246623,0.540302305868,2.4040293201
0.786973424983,0.14112000806,1.0,6.35996967803
0.395975554823,0.656986598719,0.540302305868,2.8825578735
1.41801127326,-0.279415498199,0.96017028665,5.96444747979
2.41666215151,0.0,-0.653643620864,8.67681330186
0.0107047943288,0.656986598719,-0.653643620864,3.80298438425
0.356687666195,-0.279415498199,-0.911130261885,2.43446475337
-0.12180841135,0.909297426826,-0.653643620864,-1.36812576396
-0.705521885709,0.909297426826,0.283662185463,1.21706178895
0.310448479879,0.841470984808,-0.416146836547,0.623834901656
0.034632290888,-0.756802495308,1.0,-1.542609289
0.428555241842,0.909297426826,-0.911130261885,0.342946019628
-0.441956081264,0.14112000806,0.540302305868,2.48091970963
-0.592215024338,0.14112000806,0.753902254343,-0.0760544276422
0.460261664955,0.989358246623,0.283662185463,1.14299823771
-1.47711468197,-0.958924274663,0.96017028665,-0.890733916304
-0.180905828336,0.412118485242,-0.145500033809,-6.20715695995
1.7141192412,0.909297426826,-0.653643620864,3.54804751811
-0.111305778166,0.14112000806,1.0,4.57207141482
1.46318698659,-0.756802495308,0.753902254343,7.68871920173
2.67239201707,0.909297426826,1.0,8.52141077914
-0.0630986616936,0.14112000806,-0.416146836547,1.46419497364
-0.380736098152,0.14112000806,-0.653643620864,-2.68747377225
-1.18051936406,0.14112000806,1.0,-2.77927001647
-0.303295103376,0.412118485242,0.96017028665,0.455726038098
1.4535206231,0.14112000806,-0.145500033809,5.80350974052
-0.513443892679,0.0,1.0,0.43043577
1.83119766416,0.14112000806,0.283662185463,8.3328176685
0.310270361417,-0.958924274663,1.0,3.90165219282
-0.896669858813,0.412118485242,0.753902254343,1.8375814323
-0.333914975998,0.909297426826,-0.9899924966,-0.496321035681
0.0433309705121,-0.756802495308,0.283662185463,4.42929946705
-0.396459158671,0.909297426826,0.540302305868,0.137696048302
-0.0257704489275,0.909297426826,-0.416146836547,-2.12036395123
1.82314655654,0.0,-0.9899924966,7.45869008554
-0.410857519094,-0.279415498199,0.283662185463,0.835458017462
-0.928132306215,0.412118485242,0.283662185463,-1.03479028173
0.227578427061,0.841470984808,0.96017028665,3.07892868856
0.775948941873,-0.756802495308,-0.416146836547,4.81688081207
0.117166679679,0.909297426826,0.283662185463,2.17153133473
0.0471179145843,0.412118485242,-0.9899924966,5.38767189189
-0.201277762145,0.989358246623,1.0,1.1035473765
-0.105683031555,0.909297426826,-0.145500033809,3.28283459383
0.416757879105,0.656986598719,1.0,5.30364905075
0.704079353689,0.0,1.0,6.55187218504
1.37817231509,0.0,-0.9899924966,4.50960845139
0.35556078609,0.14112000806,0.283662185463,2.54219776142
-0.136352897353,0.656986598719,0.283662185463,1.69901254773
1.06375370766,-0.958924274663,0.96017028665,9.7764725727
0.42782888539,0.0,0.96017028665,5.47027123247
-0.899174803313,0.909297426826,-0.653643620864,-1.53029954637
0.760038144191,0.0,-0.145500033809,4.3603977971
0.834098889596,0.412118485242,-0.9899924966,4.06594309905
1.05199137883,0.841470984808,-0.145500033809,3.28106820425
-1.42675169865,0.412118485242,1.0,-1.60165579358
-0.0363195437334,0.14112000806,0.96017028665,5.5823751866
2.02518671803,0.0,0.96017028665,7.49264315262
0.0231978982345,0.412118485242,-0.416146836547,-1.11293816475
-0.775691521044,0.989358246623,0.753902254343,-1.49538702566
-1.33641834632,-0.279415498199,0.753902254343,-1.52267621791
-0.422322398752,0.989358246623,0.96017028665,3.3593680849
-1.07326386753,0.989358246623,-0.9899924966,-2.40741026356
0.390844274763,0.909297426826,-0.416146836547,-0.302883864497
0.309911854278,0.656986598719,-0.416146836547,3.06028847988
-0.590696171904,0.14112000806,-0.145500033809,0.349126621029
1.96231774273,-0.279415498199,-0.9899924966,6.02953486067
-1.06575157054,0.989358246623,0.283662185463,-3.03405293531
-0.598245089782,-0.279415498199,-0.145500033809,0.59635140976
-1.07379307965,0.909297426826,-0.911130261885,-2.36849486044
1.1978337048,-0.279415498199,-0.145500033809,7.57443397722
0.189180409375,0.0,-0.653643620864,0.731178133214
0.250060081243,-0.756802495308,0.753902254343,1.45904595918
-1.57185808513,0.909297426826,0.96017028665,-4.27926013333
0.481086225683,-0.279415498199,0.753902254343,5.03487659338
-0.495195903806,-0.958924274663,0.283662185463,0.351449064541
0.636063368573,0.412118485242,-0.416146836547,2.10589578303
0.435019593673,-0.756802495308,-0.416146836547,4.10928054356
-1.79811915295,0.656986598719,1.0,-3.85758607487
-0.454212755503,-0.279415498199,-0.416146836547,0.793486801835
1.34218580918,0.841470984808,-0.653643620864,7.84936401433
-0.0486095128303,0.989358246623,-0.416146836547,-0.119394866642
0.749359643507,0.412118485242,-0.416146836547,2.27283391022
-1.92159621253,0.656986598719,1.0,-0.659147915725
0.998226662919,-0.279415498199,1.0,4.67830658335
-0.188883076259,0.656986598719,-0.416146836547,1.29143872873
0.403006013808,-0.279415498199,-0.145500033809,2.56670014841
0.795500138522,-0.279415498199,0.540302305868,7.88873210503
0.909463243475,0.656986598719,-0.416146836547,2.68752983245
0.133614493072,0.412118485242,0.753902254343,0.445633981654
-0.31022362042,0.14112000806,0.753902254343,2.89309224164
-1.31818550536,0.909297426826,0.96017028665,-0.957381012205
-0.352256314666,0.989358246623,0.283662185463,2.26582890557
-1.00585130312,0.14112000806,-0.9899924966,-1.26545163014
1.25998536375,0.909297426826,0.283662185463,8.74211276487
1.53493570417,0.0,0.540302305868,5.8033937643
-0.00229879573302,0.0,-0.653643620864,1.73709282516
-0.612651659265,0.14112000806,-0.416146836547,-2.82867486547
-0.749615929616,-0.958924274663,-0.145500033809,0.739398728042
0.907917388859,0.989358246623,-0.653643620864,4.62064798852
-0.210540436129,-0.279415498199,-0.911130261885,0.915124226913
-0.744106357173,0.989358246623,-0.653643620864,-3.84363918193
-1.02024976158,-0.756802495308,-0.911130261885,-2.40820433084
-0.170810377654,0.0,-0.9899924966,4.70518822664
0.111555082286,0.0,1.0,2.86932294104
0.403186645074,0.989358246623,0.753902254343,0.852831911645
1.69415745936,0.909297426826,0.753902254343,9.41593569569
0.247045538417,-0.958924274663,0.753902254343,5.29706186739
1.60172735185,0.14112000806,-0.416146836547,6.36970383368
-0.407769688868,-0.756802495308,-0.9899924966,-3.09883959124
-0.601304850299,0.841470984808,-0.653643620864,2.43285534937
-0.316194178054,-0.958924274663,-0.416146836547,-0.246538697094
1.11077360126,-0.279415498199,0.753902254343,4.89051170255
-0.344490247575,-0.958924274663,-0.145500033809,2.07152297749
0.885712471803,0.0,0.96017028665,3.69348798549
0.668590257299,-0.279415498199,-0.653643620864,6.14175396713
-0.265693896617,-0.279415498199,1.0,-1.73216651443
-0.554883678344,0.989358246623,-0.9899924966,-2.5663323857
0.0073317457622,0.841470984808,0.96017028665,7.77654785772
1.8831550883,0.656986598719,1.0,4.89665103883
-1.47126263371,0.841470984808,0.283662185463,-1.03995521677
1.65530304138,-0.756802495308,0.540302305868,8.10969693394
-0.55607418358,0.0,-0.416146836547,-0.754933283402
0.341834221093,0.989358246623,-0.145500033809,2.27788316375
-0.485660112601,0.989358246623,-0.911130261885,-0.66025660853
0.710724397385,0.989358246623,-0.416146836547,5.97243046246
-0.804029405229,0.841470984808,-0.416146836547,-0.482797267742
2.4920882705,0.14112000806,0.96017028665,9.07512175656
-0.573638045097,0.989358246623,0.283662185463,-0.21595575634
0.608259356876,-0.756802495308,0.753902254343,7.44987532298
0.80369693566,-0.279415498199,-0.416146836547,2.22592198047
-1.25978141556,0.909297426826,-0.416146836547,0.0375845834628
-2.38191836559,0.0,0.283662185463,-3.32339332757
-1.12714684956,0.841470984808,-0.653643620864,-1.05837749459
-0.877413056124,0.0,-0.416146836547,-1.8160517486
0.839633091745,0.656986598719,0.753902254343,8.28812799467
1.27573186001,-0.756802495308,-0.9899924966,4.07797032213
0.241987690519,-0.756802495308,0.96017028665,4.74485923801
-1.5868070259,0.909297426826,1.0,-3.70188626183
-0.515596292943,0.14112000806,-0.653643620864,-2.87684055175
0.268044950502,0.14112000806,0.96017028665,-1.49057054886
0.125466691387,0.656986598719,0.540302305868,3.71357093486
-0.0651104307229,-0.958924274663,0.96017028665,1.1554355928
-3.02689540519,-0.958924274663,-0.416146836547,-7.38459281592
-0.297827651714,0.989358246623,-0.145500033809,0.944984660958
-2.59965657771,-0.756802495308,-0.416146836547,-6.22884349236
-0.609163033439,-0.279415498199,-0.145500033809,2.46200184764
-0.800441113244,-0.756802495308,-0.653643620864,-2.9409071672
0.280528148561,0.412118485242,-0.653643620864,1.52847633496
0.183852546943,-0.756802495308,-0.911130261885,2.76883643167
-2.25362674624,0.412118485242,1.0,-3.45362175081
1.97553293045,0.0,-0.145500033809,7.35594360052
0.254605601121,0.909297426826,0.540302305868,-0.65532450027
-1.35820387444,0.841470984808,-0.145500033809,-4.39531593691
0.418161058415,-0.279415498199,-0.416146836547,5.45553275648
-0.495751187832,0.14112000806,-0.653643620864,-0.021286551377
0.584185697351,0.909297426826,-0.911130261885,0.396597833388
-0.170274894959,0.989358246623,-0.653643620864,-1.62722639066
0.0632419142621,0.656986598719,1.0,5.38308506873
0.706539028094,0.0,-0.653643620864,1.67939962347
1.32877221423,0.14112000806,0.283662185463,7.3909073427
0.356967454283,-0.958924274663,0.96017028665,4.7610172729
0.05701836962,0.14112000806,1.0,2.31848363312
-0.19697552843,-0.958924274663,-0.145500033809,2.98553091117
-0.959748946431,0.14112000806,0.283662185463,2.12990358569
0.444805584797,0.412118485242,0.540302305868,4.05715888688
-2.29614644496,0.0,0.753902254343,-3.62707158849
0.175321961312,0.841470984808,-0.9899924966,3.8746465613
-1.11500607838,-0.279415498199,0.540302305868,-0.387697631157
0.289834863283,0.14112000806,1.0,6.24999562231
-0.644959389386,0.909297426826,-0.911130261885,0.501885192191
0.681819558761,-0.756802495308,-0.416146836547,4.1814495025
1.35076222456,0.14112000806,0.96017028665,7.33788880821
0.413193249509,0.0,-0.416146836547,4.2051403678
-1.47274934234,-0.958924274663,-0.653643620864,1.05573351312
0.091660706515,-0.756802495308,-0.416146836547,2.20004107505
-0.266856900206,0.0,-0.911130261885,4.00131005752
0.042724370098,-0.279415498199,0.753902254343,3.90693345655
1.39853787621,-0.279415498199,-0.911130261885,1.85197015135
1.17111579113,-0.958924274663,0.540302305868,8.73516104549
-0.804448805778,0.412118485242,-0.145500033809,-1.91365405201
0.615230547041,0.989358246623,-0.416146836547,1.1510341219
-0.46798021755,0.14112000806,0.283662185463,0.825574315223
1.22820157465,0.0,0.540302305868,7.07439879138
-0.233198900273,0.909297426826,0.96017028665,2.10086835517
2.13664280309,0.841470984808,1.0,10.4139560614
-0.178547310494,0.989358246623,-0.416146836547,-1.59644672396
-0.0720733952781,-0.279415498199,0.540302305868,1.5317853581
-1.42532750697,0.989358246623,0.96017028665,-2.73140402056
-0.894767870395,0.989358246623,-0.653643620864,-3.03998891673
0.0514991916826,0.841470984808,0.283662185463,2.64600004647
1.00964347619,-0.958924274663,0.283662185463,4.04147790043
-0.125376336809,-0.279415498199,0.96017028665,2.71010124932
1.5360414262,0.841470984808,-0.416146836547,4.41567930625
-0.594568019762,-0.279415498199,0.540302305868,1.11000845567
-0.144383669044,-0.958924274663,0.753902254343,1.70979016467
-1.41632491164,0.909297426826,0.96017028665,-1.80081678455
-0.0495665550854,-0.958924274663,0.753902254343,-0.260998672754
-0.344855344635,0.0,0.96017028665,0.92417435462
-0.814841412215,0.656986598719,-0.653643620864,-2.41315273211
-0.206374894466,-0.756802495308,-0.911130261885,3.45846051334
1.26745481043,-0.756802495308,-0.653643620864,3.13837347054
-0.692763152473,0.0,-0.653643620864,-1.83407456816
0.0129817919806,0.909297426826,-0.653643620864,1.85146147674
0.368575435719,0.656986598719,-0.9899924966,-1.07704209723
-0.308169201447,0.989358246623,0.540302305868,-1.42990005701
-0.384587422138,0.412118485242,0.753902254343,1.35086180868
1.42120480901,0.841470984808,1.0,5.94757986387
-0.749561177009,0.989358246623,0.540302305868,0.784336142414
-1.84407420844,0.0,-0.145500033809,-3.49351379274
-0.932162986223,0.0,-0.416146836547,1.85020071537
1.68668142533,0.14112000806,0.96017028665,12.4216851833
0.639771415531,0.14112000806,0.96017028665,3.09313518766
0.0870385637218,0.14112000806,-0.416146836547,1.40282860621
0.334760704432,0.412118485242,0.283662185463,3.12341113027
-0.839604939198,0.412118485242,-0.416146836547,-2.50174159504
-1.28408145008,-0.958924274663,-0.911130261885,-3.35477669984
0.0021595740218,0.14112000806,-0.416146836547,1.62988009097
-1.38754209057,0.412118485242,-0.416146836547,-2.57153825873
0.401500231101,-0.279415498199,-0.416146836547,-0.968510426199
-0.938403392777,0.841470984808,1.0,-3.17861121565
-0.767985683579,-0.756802495308,-0.653643620864,-0.675607756169
0.348181912217,-0.958924274663,0.283662185463,5.26577159048
0.717538702879,-0.756802495308,1.0,10.2802743085
3.86282814029,0.989358246623,-0.145500033809,10.7087366902
1.65343101609,0.909297426826,-0.911130261885,6.44420656905
0.874347633995,0.656986598719,0.96017028665,3.29524482769
0.439729646576,0.0,-0.911130261885,4.02780823177
-0.0385363413338,0.909297426826,0.753902254343,1.83353885307
-0.0538247758201,0.656986598719,0.96017028665,1.95178477913
-2.24496738088,-0.279415498199,-0.653643620864,-4.07774494444
-0.92067970702,0.656986598719,0.283662185463,-2.69160609333
-0.613068864618,0.0,0.540302305868,0.592908453454
-1.2180178055,0.989358246623,0.283662185463,-4.41962448547
0.45694958873,0.412118485242,1.0,5.04033384317
0.349441701342,0.989358246623,-0.416146836547,1.62430199886
0.734689048677,0.989358246623,1.0,1.59969446428
-1.28173322899,0.841470984808,-0.653643620864,-5.99855022294
0.491593407698,0.656986598719,0.96017028665,3.723611013
-1.70230407611,0.412118485242,-0.416146836547,-3.27355005165
0.135400737945,0.412118485242,0.283662185463,0.508943500625
-2.10019573587,0.412118485242,-0.9899924966,-7.09009331006
0.055724738318,0.412118485242,0.753902254343,-0.568740414249
0.293640259341,0.14112000806,0.540302305868,7.27843199559
1.65004797705,0.909297426826,1.0,7.93399323386
0.883964187941,0.412118485242,0.96017028665,7.37139890111
-1.33090365714,-0.279415498199,0.540302305868,-4.24825287212
0.377657411582,-0.756802495308,0.283662185463,3.05072871829
-0.833939630246,0.0,-0.145500033809,1.89023798375
-0.802676682673,0.989358246623,-0.911130261885,-1.6916184771
0.14927561034,0.656986598719,0.96017028665,3.4714951314
-0.0750238238586,0.0,-0.911130261885,1.61974722474
0.471718887023,0.14112000806,-0.653643620864,-0.133294852557
1.02634023142,-0.756802495308,-0.145500033809,5.27238378295
0.302041826063,0.14112000806,1.0,4.87284392062
-0.0179792965501,-0.279415498199,1.0,2.29324438134
-0.941042027398,-0.958924274663,0.753902254343,-3.17043236655
0.450422770105,0.412118485242,-0.416146836547,0.800068074724
0.228287608096,0.909297426826,-0.9899924966,2.59064911513
-1.74550373933,0.0,-0.145500033809,-4.21111359917
-0.873913670111,-0.756802495308,-0.145500033809,-1.68841240334
1.60062198784,0.841470984808,0.283662185463,6.27366179825
-0.344982807875,-0.279415498199,0.283662185463,-0.43118916677
0.341574590558,0.0,-0.416146836547,1.50339426344
1.09271457589,0.14112000806,-0.653643620864,8.16414942531
1.28849540974,0.841470984808,0.753902254343,6.94297985991
-0.441670294919,0.0,0.96017028665,1.88570616835
-0.0669780911278,0.412118485242,-0.416146836547,2.64644374278
-0.447649096576,-0.756802495308,-0.653643620864,-1.04123857511
0.326228848203,0.0,1.0,3.7290503941
0.0429075688733,0.656986598719,-0.145500033809,5.42028759661
-1.04566080528,0.989358246623,-0.145500033809,-3.7509680833
0.155015964915,-0.279415498199,-0.9899924966,0.764431040163
1.44190789817,0.412118485242,1.0,9.99850543821
-1.20266783057,0.14112000806,0.283662185463,0.601604717317
0.640885128462,0.412118485242,0.96017028665,4.47908945902
2.46591724765,0.14112000806,-0.416146836547,8.72021795707
0.316002699009,0.412118485242,0.540302305868,5.30173826715
0.276269757569,0.0,-0.911130261885,3.50602684614
-1.34777282724,-0.279415498199,-0.9899924966,-5.05152465849
1.38361611958,0.412118485242,-0.416146836547,6.53053370955
-0.598470077511,0.841470984808,-0.9899924966,-1.15607154063
-0.632109003404,0.841470984808,-0.653643620864,-3.02520392008
1.17007311091,0.841470984808,-0.9899924966,5.35114378353
-0.228682794086,0.14112000806,-0.9899924966,0.1349092957
2.27550297193,0.989358246623,0.753902254343,8.07109185988
0.80148768699,-0.756802495308,-0.653643620864,-1.21755907522
0.0466609376932,0.0,-0.9899924966,2.55297244936
-0.355830195089,-0.756802495308,1.0,-0.947780636608
-0.171404084676,-0.756802495308,-0.653643620864,0.21890737971
-0.284691187471,0.656986598719,0.283662185463,3.11524613501
1.63252162755,-0.958924274663,-0.145500033809,7.43659794938
0.479064615086,0.841470984808,-0.911130261885,2.15788986249
-0.520191909281,0.0,0.540302305868,2.38268370588
-1.02930691797,0.0,0.753902254343,0.102492094425
0.0288196349276,0.989358246623,0.283662185463,0.668375407486
-0.200213186318,0.909297426826,-0.145500033809,0.00517718879329
-0.66412276756,-0.756802495308,0.283662185463,4.96435292924
1.7518831756,0.0,-0.9899924966,2.95251842321
-0.461450957939,-0.279415498199,-0.145500033809,-0.264417984056
-0.461204656259,0.412118485242,0.753902254343,0.886585434825
2.35534822105,0.656986598719,-0.9899924966,10.7294945164
-0.290113660116,-0.279415498199,0.283662185463,0.169827148837
-0.625229149833,0.841470984808,0.540302305868,0.978420946878
-1.04854156982,0.656986598719,0.283662185463,-3.38644036428
1.68935202722,0.0,0.753902254343,9.38582903704
-0.722243264108,0.656986598719,-0.416146836547,1.08116978839
-2.12980162852,0.656986598719,1.0,-4.81244427003
-1.08525811488,0.841470984808,-0.9899924966,-1.41243271892
-0.132735919227,0.841470984808,0.283662185463,2.76721676035
-0.093538176346,0.412118485242,-0.653643620864,-3.38181165682
1.2868949425,0.14112000806,-0.145500033809,4.83013453264
-0.947165291365,0.0,0.96017028665,0.889004945823
0.354683230284,0.412118485242,0.96017028665,-0.369566387324
0.741949245769,-0.756802495308,0.753902254343,3.43909780435
-0.126034397686,0.909297426826,-0.9899924966,1.15415550646
-0.330308100263,0.656986598719,-0.911130261885,-1.6087301458
0.904493766572,0.909297426826,0.96017028665,2.39332694322
-1.01503328843,0.0,0.283662185463,0.0278225890263
-0.0300097521199,0.412118485242,-0.911130261885,0.432672539834
0.553364766947,0.412118485242,-0.416146836547,5.36341326014
1.32360661202,0.0,0.540302305868,6.93302816268
-0.59776939374,0.656986598719,0.753902254343,-0.100231137541
1.69788525994,-0.756802495308,0.753902254343,7.27414431291
-1.157415138,0.841470984808,-0.9899924966,0.582839862747
0.043391597181,0.909297426826,-0.653643620864,-0.54355228326
-1.35272030566,-0.756802495308,-0.9899924966,-0.708926162842
-0.467114634247,0.412118485242,-0.9899924966,2.130207971
-1.32965627354,0.989358246623,-0.911130261885,-4.74027600764
-0.225309685575,-0.958924274663,0.96017028665,1.04290123998
-1.81867418071,0.909297426826,0.540302305868,-2.49526522102
-1.29555540304,0.0,0.283662185463,0.259485597807
0.837229953919,0.989358246623,-0.416146836547,3.4868213105
0.453251000347,0.412118485242,-0.145500033809,2.38764357332
0.321076709829,-0.756802495308,0.96017028665,4.33721279691
0.971545415376,0.989358246623,-0.911130261885,3.50453254278
1.81163872962,0.656986598719,-0.9899924966,6.32269406816
1.2390530333,0.0,-0.416146836547,3.7697716283
-0.287730955306,0.841470984808,-0.416146836547,-1.11482524168
1.37555459687,0.412118485242,0.753902254343,6.56365913049
-0.907858274831,0.989358246623,-0.9899924966,-1.88162015324
-0.656369420014,0.989358246623,0.540302305868,-0.993958318118
-1.54898554662,0.412118485242,0.540302305868,-3.27024030282
1.05321541575,0.989358246623,1.0,4.32158822733
1.98927194468,0.412118485242,1.0,5.24706807149
0.0160868090037,-0.279415498199,1.0,2.62014822762
0.327022780468,-0.756802495308,-0.9899924966,0.617872558374
1.76856219775,0.989358246623,0.96017028665,6.71734498295
0.033935960906,-0.279415498199,0.283662185463,5.13584746276
1.03449710219,0.656986598719,-0.416146836547,6.50504633284
-0.761584582207,0.841470984808,-0.653643620864,-3.34308645581
-1.01052228727,0.841470984808,0.96017028665,-0.384354973977
1.21665519498,0.989358246623,0.753902254343,6.0562296459
-0.708059583867,0.841470984808,-0.145500033809,-2.8323083187
-1.72007647158,0.656986598719,-0.145500033809,-2.81445332878
-0.102203393531,0.909297426826,-0.416146836547,1.92969603121
0.526623527011,0.656986598719,-0.145500033809,6.08914940083
-1.45904997487,0.909297426826,-0.9899924966,-4.13982890494
0.158851494423,0.841470984808,-0.653643620864,-2.23608091295
-0.281613223458,0.909297426826,-0.145500033809,-0.853333317749
0.60430723745,0.412118485242,1.0,6.03384861032
0.56245965795,-0.958924274663,-0.653643620864,3.9573190091
-0.196331682851,-0.958924274663,0.540302305868,1.34156726707
-0.00427380997109,0.989358246623,0.753902254343,-0.716133412222
0.788217985232,0.656986598719,-0.416146836547,-0.286613090582
1.64903460463,0.14112000806,0.753902254343,6.09363888126
0.215378348452,0.0,0.283662185463,1.86078683592
-0.387936584143,0.0,0.96017028665,2.23288083224
-0.299095921466,0.841470984808,-0.911130261885,-1.96004578467
0.814061686978,-0.279415498199,0.96017028665,7.31930611214
-1.91769733964,0.656986598719,-0.653643620864,-7.73368561202
0.44552311986,-0.958924274663,-0.9899924966,3.78478935138
-0.756783995803,0.909297426826,-0.9899924966,-3.10766262682
0.0759734254926,-0.756802495308,-0.9899924966,1.6781076771
-0.973781401109,0.909297426826,-0.911130261885,-3.99058834387
1.68473731825,0.412118485242,-0.416146836547,6.36258379643
0.574580543394,-0.958924274663,0.283662185463,2.5228043662
0.397827088622,0.989358246623,-0.416146836547,0.0761919363853
-0.119305540529,0.0,-0.911130261885,-0.983984693842
0.073379718824,0.841470984808,-0.9899924966,2.53157353375
-0.408801761735,-0.958924274663,-0.145500033809,3.05055887755
-0.0260089944786,0.841470984808,1.0,2.49766740012
0.265498216169,0.412118485242,-0.145500033809,5.45188508123
-0.852721108791,0.412118485242,-0.911130261885,0.320421567816
-1.22114146524,0.14112000806,0.283662185463,0.96851842353
-1.50918866261,-0.958924274663,-0.145500033809,-5.52992352892
0.801514053039,0.656986598719,-0.911130261885,2.24880035387
0.323626945505,-0.756802495308,-0.416146836547,5.05876883564
-0.130246116372,0.0,1.0,2.36640241967
-1.73418457087,0.412118485242,-0.416146836547,-6.40538906292
-1.32933242847,0.0,-0.653643620864,-0.106239055736
0.4486482665,0.0,-0.145500033809,6.52171165346
-0.0979004694338,0.909297426826,-0.911130261885,3.60684763561
1.27586821903,-0.279415498199,0.753902254343,6.24087766965
-0.367360641967,0.909297426826,0.753902254343,3.74578204101
-0.79345714116,0.412118485242,0.283662185463,-0.312144360857
-2.29764852402,-0.756802495308,0.753902254343,-5.14718028867
0.29249689777,0.989358246623,0.540302305868,1.541240284
0.228673899426,-0.756802495308,-0.145500033809,7.32868875675
1.59708336724,-0.958924274663,-0.653643620864,9.9837805321
-0.661316660953,0.989358246623,-0.145500033809,-4.27799236719
0.542779711499,-0.958924274663,0.753902254343,8.73187152619
1.26426756681,0.0,-0.9899924966,7.1920641569
-0.602317309929,-0.279415498199,1.0,3.76592019683
-0.0585852078218,-0.279415498199,-0.9899924966,2.69329085162
-2.28063881388,0.0,-0.145500033809,-6.47896974069
2.11219330692,0.14112000806,0.753902254343,5.11521785788
-1.6228896567,0.14112000806,-0.911130261885,-7.14571207571
-1.20588366909,0.909297426826,-0.145500033809,-1.88566472881
-0.0880175414868,0.656986598719,-0.653643620864,1.58923723903
1.57598909636,0.14112000806,-0.653643620864,6.0643596779
1.63748238936,0.656986598719,0.96017028665,8.42866819245
-1.44410327217,-0.958924274663,1.0,-2.26203889044
-0.567081775484,0.841470984808,-0.9899924966,-1.39058541576
2.56204078884,0.412118485242,-0.9899924966,5.8031180291
0.921034077514,0.0,-0.911130261885,5.44506940546
0.0769166826759,-0.279415498199,0.283662185463,2.09849779195
-0.113004440005,0.412118485242,1.0,3.18433785201
-0.653844555031,-0.958924274663,-0.9899924966,0.49351420359
0.00389088116641,0.841470984808,-0.9899924966,0.674100370243
1.80336903648,0.909297426826,-0.653643620864,6.85431259192
0.474761204404,0.656986598719,0.283662185463,0.455060592166
2.60097422553,-0.279415498199,0.283662185463,9.01306191467
0.569312851497,-0.958924274663,-0.416146836547,5.11543768136
-1.0288590001,0.989358246623,-0.145500033809,-0.709400262075
0.0546715955727,0.14112000806,1.0,4.90288005829
0.65420774019,0.989358246623,0.540302305868,2.10299833722
0.414379056248,0.14112000806,-0.911130261885,3.37795572885
-0.0605817089113,0.412118485242,-0.653643620864,-1.54404969269
-0.630368095243,-0.958924274663,0.96017028665,3.00193195311
0.0736044145981,0.989358246623,1.0,4.17714259235
0.947277198184,0.989358246623,0.283662185463,6.20694554211
0.627012092629,0.14112000806,0.753902254343,6.91365194618
-0.837153485315,0.909297426826,-0.911130261885,2.2299253315
-1.6806837634,0.909297426826,-0.653643620864,-2.85463486937
2.02325135077,0.656986598719,-0.9899924966,4.77682184554
1.07192412931,-0.958924274663,0.283662185463,8.28697694261
-0.311988584646,0.909297426826,0.540302305868,3.58918833314
0.471517825073,0.656986598719,0.283662185463,5.46957481383
0.973769183524,0.656986598719,0.753902254343,7.162590731
-0.528670389376,0.909297426826,0.753902254343,-0.375738447097
-0.65474255006,-0.279415498199,1.0,1.84250496833
0.827812389535,-0.756802495308,0.96017028665,5.57908921943
0.146062848834,0.989358246623,0.540302305868,0.242059758855
-0.293371028678,0.0,0.96017028665,1.26209721651
-1.31090479108,-0.279415498199,-0.653643620864,0.166136241162
0.30995023711,0.0,1.0,4.06936208628
-0.812127374723,-0.958924274663,1.0,-2.17746726939
2.71326634298,0.0,-0.416146836547,6.63714508938
0.623700013302,-0.756802495308,1.0,6.52383376935
0.604817385821,0.909297426826,-0.9899924966,1.81500068447
1.02367066041,-0.279415498199,0.753902254343,7.35746408671
2.02803034189,0.989358246623,0.540302305868,7.27386041935
-0.12804184525,0.909297426826,1.0,3.0930692914
-0.131707634886,-0.756802495308,-0.653643620864,4.580961792
-0.434227885571,0.0,-0.416146836547,-1.0542286729
-0.922941278749,0.989358246623,-0.911130261885,-1.49146113019
-0.313529750445,0.656986598719,0.753902254343,5.33520370426
1.52624178497,0.989358246623,0.283662185463,6.26118059697
0.0255946995742,0.656986598719,0.96017028665,1.09583957034
1.79066949529,0.989358246623,-0.145500033809,5.93661457709
0.649593163985,0.989358246623,-0.653643620864,1.65799293045
-0.6367208397,0.412118485242,-0.911130261885,-0.881434877358
0.0165001691285,0.909297426826,-0.145500033809,2.42755607666
-0.301942088496,-0.756802495308,0.96017028665,0.404457636956
-1.39275309328,0.909297426826,-0.145500033809,-2.90380047971
-0.0813032188005,0.14112000806,-0.911130261885,-2.10133970767
-1.8065837938,0.989358246623,1.0,-3.1593783177
-1.97687590218,-0.958924274663,-0.9899924966,-3.98481842824
0.339344789719,0.841470984808,1.0,2.89268861631
0.216815551814,0.909297426826,-0.145500033809,0.389191022811
-0.206164447482,0.841470984808,0.283662185463,0.722253718989
-1.18142528051,-0.756802495308,0.96017028665,0.133004148409
0.12755328014,-0.279415498199,-0.145500033809,3.72411375257
0.428096572115,0.841470984808,-0.416146836547,1.79300417677
1.27174127889,-0.279415498199,-0.416146836547,4.92818645544
-1.36530306457,-0.958924274663,0.283662185463,-0.28305420756
-1.23075385622,0.656986598719,0.753902254343,-2.43522646136
-1.50564986629,0.0,-0.911130261885,-3.88358440445
-0.458652447582,0.14112000806,0.283662185463,-0.228669229133
1.92531827975,0.0,0.753902254343,6.92912097796
-0.272548371807,-0.279415498199,0.540302305868,3.92166795297
0.686107702315,0.841470984808,-0.911130261885,1.40701306531
0.129405475572,0.841470984808,0.540302305868,2.41550775036
-0.0143441179266,-0.279415498199,0.283662185463,2.80336563578
-0.867232553389,0.14112000806,0.96017028665,-0.968316396249
2.04576737131,-0.756802495308,0.540302305868,10.2786209042
0.566168560483,0.14112000806,-0.145500033809,4.41877773103
-0.0918922132763,-0.279415498199,-0.911130261885,2.54219256555
0.363246235085,-0.279415498199,0.96017028665,5.13024216945
0.069682677071,-0.958924274663,-0.416146836547,4.06061438827
-1.15096802811,-0.756802495308,0.283662185463,2.24899036981
1.2650941901,-0.958924274663,-0.911130261885,1.78203087428
-1.48205980444,-0.756802495308,0.753902254343,0.862308997267
0.922500888127,0.412118485242,0.96017028665,8.55530634322
-1.36755048598,0.656986598719,-0.416146836547,-2.54751953591
1.98176329963,-0.279415498199,-0.653643620864,9.5538853935
-1.74093334679,0.841470984808,1.0,-3.41216972935
1.71495457905,0.656986598719,1.0,10.0387496908
1.29962183159,0.909297426826,0.96017028665,4.74108571292
-1.55212341488,-0.958924274663,-0.9899924966,-4.07171846542
-0.252662954975,-0.958924274663,-0.9899924966,1.50509281944
-0.353456385829,0.656986598719,-0.9899924966,0.00486684173741
1.25902645045,0.841470984808,-0.911130261885,4.46304351917
-0.271879302878,-0.958924274663,-0.145500033809,-1.95437551035
-0.380885567899,0.989358246623,-0.416146836547,-2.55708390504
-2.66806950584,-0.279415498199,0.540302305868,-6.61663127388
1.24743441994,-0.958924274663,-0.416146836547,3.99177349286
0.907659398797,-0.279415498199,0.753902254343,7.2004949727
1.73302561765,-0.279415498199,1.0,5.74398083271
0.342529458487,0.841470984808,0.283662185463,3.3956036596
0.790867791367,-0.756802495308,0.753902254343,3.37048172159
-0.717861644846,0.0,0.283662185463,-1.06927814895
0.680215848914,0.0,0.753902254343,2.25182831208
-0.639903234846,0.909297426826,1.0,-1.31196461491
-0.792158901659,0.841470984808,0.540302305868,-1.48156238988
0.133672901403,0.412118485242,-0.653643620864,4.49849814615
1.80775428371,-0.756802495308,-0.9899924966,7.38224224593
0.166549147438,0.412118485242,-0.911130261885,-1.81327082223
0.174375991676,0.0,0.540302305868,0.942526175787
0.292205863119,0.14112000806,-0.416146836547,1.9899860655
-0.142271474388,0.0,1.0,2.09112950923
0.587307568325,0.841470984808,-0.911130261885,3.20334531424
-0.628631597201,0.989358246623,0.753902254343,2.12139888285
-0.48999811059,-0.279415498199,-0.145500033809,-0.164428563378
0.171993507939,-0.958924274663,0.540302305868,1.24193786185
0.0418058885586,0.412118485242,0.96017028665,0.693073129545
1.05928874129,0.412118485242,-0.653643620864,4.74366070113
0.374059186341,0.0,0.753902254343,5.88511150161
-1.86552200386,0.0,-0.911130261885,-6.31087893715
0.494271080478,0.909297426826,-0.9899924966,0.866480237625
1.25454551817,-0.279415498199,0.283662185463,6.77056872486
-0.0647816211246,-0.958924274663,-0.9899924966,1.82267428738
-1.27543835494,-0.756802495308,0.283662185463,-2.98252489184
1.4628820304,0.14112000806,0.540302305868,9.18032647658
0.285966342615,0.989358246623,-0.653643620864,3.83006706224
-1.08096289673,0.909297426826,-0.416146836547,1.71974802371
-0.750821604251,0.656986598719,0.283662185463,-1.22265132938
0.375446893494,0.0,-0.145500033809,2.94355540665
1.13297093827,0.412118485242,1.0,3.06986923852
2.00426457725,-0.279415498199,0.540302305868,8.93530096801
0.376108167255,0.0,1.0,2.93339719859
1.4057255276,0.656986598719,-0.911130261885,4.88783661288
-1.01803410748,-0.958924274663,0.96017028665,1.37783901015
-1.32141246139,0.909297426826,-0.145500033809,-2.70599661121
0.307930746801,0.989358246623,0.753902254343,5.31313527626
-0.517389889096,0.909297426826,-0.416146836547,0.734357263272
2.38349007185,-0.958924274663,-0.653643620864,7.32468867768
1.8455853569,0.412118485242,0.753902254343,7.04856433121
1.09996976779,0.14112000806,-0.145500033809,4.1201396187
-0.59287857449,-0.958924274663,0.283662185463,0.564241616577
1.08161821074,0.656986598719,-0.911130261885,8.77378062708
0.362214973613,0.841470984808,0.540302305868,4.42931945703
0.118759103048,0.14112000806,1.0,1.93889001345
-0.737188327778,-0.958924274663,-0.653643620864,-1.03585619209
-0.894062494472,-0.958924274663,-0.145500033809,1.15548681592
0.392795304244,0.841470984808,-0.911130261885,1.56217429247
-0.590722300153,0.909297426826,0.753902254343,-2.35480614261
0.309976082678,0.412118485242,0.96017028665,7.33443655458
0.75223660379,0.0,1.0,6.13090990899
0.54495676631,0.0,0.540302305868,3.11917356833
-0.29366082435,-0.756802495308,0.753902254343,1.18477719419
0.76136068764,0.841470984808,0.96017028665,4.02651591935
-1.26518690231,0.989358246623,0.753902254343,-0.807073792355
0.60209206605,0.909297426826,0.540302305868,3.57758926483
-0.456525633321,0.412118485242,-0.145500033809,1.35616544753
0.625494564808,0.909297426826,1.0,6.37309729946
0.29715183713,0.841470984808,0.753902254343,0.302510517898
-0.714961963623,0.656986598719,-0.653643620864,1.82253439239
-3.01206636495,0.412118485242,0.540302305868,-4.29448704345
0.0228602490984,0.0,-0.653643620864,2.88016990421
0.965103385829,-0.756802495308,-0.145500033809,6.81662732701
-0.872846124701,0.0,-0.145500033809,1.05985751945
-1.34253680913,0.412118485242,0.283662185463,1.00218161908
0.841413091553,-0.958924274663,-0.9899924966,1.03110480515
0.313489825183,0.0,-0.9899924966,0.025905379409
0.185088610483,0.412118485242,-0.9899924966,-1.96023415725
-0.328973188723,-0.279415498199,1.0,5.25184812158
0.950685908935,0.989358246623,0.283662185463,4.15368957549
0.739630709478,0.0,0.96017028665,7.12553900463
-1.22594248506,0.909297426826,1.0,-0.635956967206
-1.0375767243,0.412118485242,-0.145500033809,-3.08377048762
2.23690664667,0.656986598719,0.753902254343,8.67496280725
0.814351854178,-0.958924274663,-0.145500033809,4.91823978761
-0.694451590687,0.656986598719,0.540302305868,0.0111683231476
-0.342316580916,0.989358246623,-0.9899924966,-0.277451482909
-0.626320469967,0.841470984808,0.753902254343,2.03370365677
0.994878618869,0.656986598719,-0.416146836547,4.77443669442
-1.44403241938,0.656986598719,0.540302305868,-0.982532015144
-0.840447863493,-0.279415498199,0.540302305868,1.58053761782
0.954569414211,0.0,-0.416146836547,6.48476015838
-1.59141656965,-0.279415498199,-0.9899924966,-0.422411425341
-0.53484164459,-0.958924274663,-0.653643620864,-2.38830271403
-0.54030130801,0.656986598719,-0.145500033809,-0.0252534729935
0.693266657768,-0.756802495308,-0.911130261885,5.08896348311
-1.3384546608,0.14112000806,1.0,-2.18134322334
1.22082722569,0.909297426826,0.540302305868,3.91834440688
-1.91597137717,0.909297426826,-0.145500033809,-3.94272456504
0.754102396963,-0.958924274663,-0.911130261885,6.4838811312
-0.428748763129,-0.958924274663,-0.416146836547,4.47839396018
0.169274494557,0.989358246623,0.540302305868,-1.96652082285
0.818388129955,0.909297426826,1.0,2.54330231306
0.965128533499,-0.756802495308,1.0,5.16700433322
1.1615057733,0.841470984808,-0.9899924966,5.36350562913
1.45481690704,0.14112000806,-0.9899924966,5.22070126915
-0.0162291894701,-0.958924274663,0.753902254343,2.72057781752
1.3426514021,-0.279415498199,-0.653643620864,5.65629077841
-1.01472879992,-0.958924274663,-0.9899924966,-1.52417853909
0.370176899381,-0.279415498199,-0.145500033809,6.18741026093
0.733145191209,0.0,1.0,5.25998093206
-0.859882945453,0.14112000806,-0.653643620864,1.58198738379
-0.071923506435,-0.958924274663,0.283662185463,-0.24861683322
-1.79408050038,0.841470984808,-0.653643620864,-2.99423744232
-0.334332702592,0.0,-0.145500033809,0.291613609777
-1.52726714921,0.656986598719,-0.416146836547,-3.38689987113
-1.90336916488,0.412118485242,-0.653643620864,-1.54961222851
-1.04342674334,-0.756802495308,-0.416146836547,-3.93576659441
0.156044064295,-0.958924274663,0.96017028665,5.63079055968
-0.0887263206427,0.412118485242,0.540302305868,-0.272650968454
-0.766815131281,0.909297426826,-0.9899924966,2.25701466946
-0.129556074707,0.989358246623,-0.653643620864,-0.175949428082
-0.842685070953,0.412118485242,-0.911130261885,-0.55363493983
-0.147040084274,-0.958924274663,0.283662185463,4.74773878157
-0.137128033559,0.989358246623,1.0,2.43817749731
1.83570395068,0.841470984808,0.753902254343,8.0047192257
0.986524788033,0.0,0.540302305868,2.64622036857
-0.961111931972,0.0,-0.911130261885,2.3143777883
-0.804481358846,0.412118485242,-0.9899924966,-1.22964268691
-0.503942027121,0.412118485242,-0.145500033809,-0.140425432233
-0.401722537865,0.14112000806,-0.653643620864,1.31091455889
0.507354599729,0.989358246623,1.0,7.34364806914
0.137846525158,0.989358246623,0.753902254343,2.29984258909
1.14952472183,0.412118485242,0.753902254343,7.83485737335
-0.580848223411,0.0,-0.416146836547,-0.153904991425
0.0213165209506,0.989358246623,-0.653643620864,2.63436430637
-1.16588043178,0.412118485242,-0.145500033809,-4.04759802126
-1.28479947433,0.412118485242,0.753902254343,1.62529817069
-1.14576629808,0.909297426826,-0.416146836547,-1.36713160613
1.49719535001,0.656986598719,-0.9899924966,6.6109380519
-0.168318717115,0.412118485242,1.0,4.92774492305
-1.04723031527,-0.958924274663,0.283662185463,-0.283215973874
0.8828790071,-0.958924274663,1.0,7.63643904924
1.07261568276,-0.279415498199,0.283662185463,6.29149292071
-0.819227604138,0.989358246623,0.540302305868,-3.41967112477
0.472044993348,0.989358246623,-0.416146836547,4.80700977834
0.724821065543,0.989358246623,0.540302305868,3.40303512485
-1.22094472179,0.412118485242,1.0,-4.95914017425
-0.482499927516,0.412118485242,-0.653643620864,-0.452954074036
2.1069980683,0.0,-0.9899924966,10.0148820825
0.436381644769,-0.279415498199,0.753902254343,6.31687396436
1.10448020786,-0.279415498199,1.0,3.67774279855
-1.91523162671,-0.958924274663,0.283662185463,-2.4773834919
-0.618976046428,-0.756802495308,0.96017028665,3.68015750492
-1.85523943661,0.14112000806,0.753902254343,-1.39001874565
1.13205071044,0.14112000806,-0.911130261885,5.15924201154
0.896509833464,0.841470984808,1.0,1.55380163646
-0.711481455208,0.841470984808,1.0,2.11273937893
-1.01408894762,-0.958924274663,-0.653643620864,-1.30097345439
-0.220185592782,0.656986598719,-0.416146836547,3.56739784923
0.384048165702,0.0,-0.416146836547,3.38800943318
0.594904568575,0.841470984808,-0.416146836547,5.55524558429
1.32539718097,0.909297426826,0.540302305868,7.51556814885
-1.53256885713,-0.958924274663,1.0,-3.33091991611
0.622436297785,-0.279415498199,-0.145500033809,6.84262681738
0.551026575916,0.841470984808,0.96017028665,4.43986977423
1.10924058123,0.0,0.96017028665,2.72407593012
2.23433638453,0.909297426826,0.540302305868,9.6611808663
2.33182153595,0.412118485242,0.540302305868,8.37997852688
-1.79954146366,-0.756802495308,0.753902254343,-0.417843273663
-1.74561248838,0.841470984808,0.540302305868,-1.62483807711
1.40228130397,-0.958924274663,-0.416146836547,5.6845185564
0.609110836228,0.412118485242,-0.653643620864,4.00300773653
0.697808114789,0.841470984808,-0.653643620864,3.38917681521
0.138383203969,0.14112000806,-0.911130261885,4.21160838258
0.399642264903,0.989358246623,-0.911130261885,3.0890032672
0.461461629116,-0.958924274663,-0.145500033809,2.08335885059
1.77727995819,0.0,-0.416146836547,5.41479202859
-1.69141973208,-0.958924274663,1.0,-5.2806135951
0.109454384917,-0.756802495308,-0.911130261885,-0.347022498454
-1.67684726655,0.0,0.753902254343,0.448974227568
0.616282650664,0.412118485242,0.96017028665,3.09187441861
-0.431300178109,0.412118485242,1.0,2.13048290078
0.201915795778,0.14112000806,-0.145500033809,6.37837195112
0.0276390561762,-0.958924274663,0.283662185463,0.699913005564
2.1202959251,0.412118485242,-0.911130261885,6.31720169851
2.1321469599,0.656986598719,-0.145500033809,10.594657689
1.13643729051,0.989358246623,-0.9899924966,3.41553583007
2.35299681271,0.412118485242,-0.653643620864,9.78871066846
1.06908647602,0.909297426826,0.540302305868,4.70627444675
0.0728521455009,-0.279415498199,0.753902254343,2.04425098745
1.88061704157,-0.279415498199,-0.9899924966,4.6534970157
1.16656583857,0.0,-0.9899924966,5.658905857
-0.450948883011,0.989358246623,0.96017028665,-0.986508760758
0.0247111993777,-0.958924274663,-0.145500033809,2.35796748738
0.687831108222,0.0,0.753902254343,4.95621138535
-0.429221582017,-0.958924274663,-0.653643620864,0.623766902727
-0.243456267095,-0.958924274663,0.540302305868,1.15443385493
-0.0203809527809,-0.279415498199,0.540302305868,2.43871043988
-0.0785071571503,0.14112000806,1.0,4.5038481233
1.93390515385,0.412118485242,-0.911130261885,4.91857457463
-0.683268900922,0.412118485242,0.540302305868,-1.52799366363
0.663052345749,0.14112000806,-0.416146836547,0.521088253969
-0.032952164494,0.656986598719,-0.911130261885,0.395093540769
0.097261768274,0.0,0.540302305868,2.15076310315
1.88395637133,-0.756802495308,0.540302305868,9.24635610239
-0.451549609948,0.909297426826,-0.653643620864,1.11886024266
0.524172717642,-0.279415498199,0.283662185463,3.44241351254
-0.0818379978345,0.14112000806,0.753902254343,3.50489621667
0.727672915018,0.841470984808,-0.9899924966,3.63566559418
0.150762124635,0.909297426826,0.540302305868,1.87707444883
-0.308791501515,0.989358246623,-0.911130261885,3.23264945281
0.335178086315,-0.279415498199,0.753902254343,3.66954243076
1.70684181425,-0.958924274663,1.0,5.05720563552
-0.931801018786,0.412118485242,0.96017028665,1.69760729677
0.639140313349,-0.279415498199,-0.145500033809,4.84467208977
0.37781533271,0.0,0.753902254343,5.79617305765
-0.182171088463,-0.958924274663,-0.145500033809,2.79048624255
0.687956400665,0.989358246623,0.283662185463,5.44891355717
0.133102977791,0.14112000806,-0.416146836547,-1.81412328589
0.284461140693,0.656986598719,1.0,4.77487451554
-2.48090687832,0.841470984808,-0.145500033809,-5.37015284554
0.909356010078,0.989358246623,0.540302305868,7.25256831755
1.02518669236,0.14112000806,1.0,1.43893590875
0.62542568246,0.412118485242,0.753902254343,3.89000142034
-0.478644631473,0.412118485242,0.283662185463,1.83542717902
1.93996655967,0.656986598719,-0.653643620864,5.63492204504
-0.498028457158,0.0,0.753902254343,4.47798180314
1.04924793152,0.412118485242,0.96017028665,5.36862805349
0.42795867267,-0.958924274663,0.540302305868,2.40070627555
-0.413484632497,0.841470984808,0.540302305868,0.154962680583
-0.704946313116,0.14112000806,-0.416146836547,-1.6634479457
1.51217642239,0.412118485242,-0.9899924966,0.758793659357
-1.79223174932,0.14112000806,-0.145500033809,-5.83456247795
-0.808153342229,-0.756802495308,0.96017028665,-1.56083435199
0.189272818694,-0.279415498199,-0.653643620864,2.37423720027
-0.113837080407,-0.756802495308,-0.911130261885,4.74378364049
0.492404600434,-0.756802495308,0.283662185463,2.4512798287
-2.02747315403,-0.756802495308,-0.911130261885,-5.41945330573
1.65059087177,-0.756802495308,1.0,8.13041448033
0.127653190555,0.841470984808,0.96017028665,4.84062941027
-1.14074121608,-0.958924274663,-0.416146836547,-2.3062469954
-0.492880277858,0.841470984808,-0.9899924966,2.46495614589
2.24388963753,0.656986598719,0.96017028665,6.6941008179
-1.60392364912,0.0,0.753902254343,-1.79269417954
-2.31089459118,0.841470984808,0.753902254343,-6.95958645996
0.444305907312,0.989358246623,1.0,2.11017427896
1.64516853649,0.656986598719,-0.9899924966,5.98619387914
-1.20879270977,-0.756802495308,-0.416146836547,0.55620481024
0.386939341062,0.0,0.753902254343,2.83253683024
0.484049641126,0.0,1.0,4.73604720933
-1.10141625159,0.656986598719,-0.9899924966,-1.68666898068
1.31852513128,0.989358246623,-0.9899924966,5.24586140743
0.458059418675,0.989358246623,-0.911130261885,1.98632119318
-1.09094086506,0.989358246623,1.0,-0.687903206683
-0.593700754278,0.412118485242,-0.416146836547,-0.0273442345085
1.32065226291,0.841470984808,-0.9899924966,3.79856489149
-2.39236059829,0.656986598719,-0.911130261885,-8.10824302882
-0.848838268952,0.909297426826,-0.416146836547,-0.836211705353
-0.169486407935,0.909297426826,-0.145500033809,2.00277210824
-1.87533205683,0.412118485242,1.0,-3.24394859072
-0.912409110089,0.0,-0.145500033809,-2.17398019285
1.77952711922,0.14112000806,-0.9899924966,9.34451923556
-0.94393646388,0.841470984808,0.96017028665,-0.216793005352
0.412336547787,-0.756802495308,-0.653643620864,3.23335499706
-0.205623752395,0.656986598719,-0.416146836547,1.93012186594
-0.965605847383,0.0,-0.911130261885,-2.99931721427
1.49466323208,-0.756802495308,-0.653643620864,1.49225017285
0.714862889294,-0.279415498199,0.540302305868,5.11274966113
1.36368722348,-0.756802495308,0.540302305868,10.0217080176
1.08948578571,0.841470984808,-0.145500033809,4.45403466866
0.610519465355,0.656986598719,0.283662185463,1.16413897781
0.272975930519,0.14112000806,0.540302305868,1.69758207776
-1.00482365366,0.656986598719,-0.911130261885,-4.79018768424
-0.883700303693,0.989358246623,0.283662185463,-1.06277759183
-0.626150043929,-0.756802495308,-0.9899924966,-0.0486452237409
0.343596165191,-0.958924274663,1.0,5.14519486295
-0.609561987359,0.841470984808,1.0,3.6074542802
0.0173770230619,0.412118485242,0.283662185463,6.31337696666
-0.111780293693,-0.958924274663,0.283662185463,0.72512380298
0.480733542355,0.0,-0.145500033809,4.91007111544
0.346756040844,0.841470984808,0.283662185463,0.750960784919
0.523152536101,0.909297426826,-0.911130261885,0.924403277014
-1.17671045149,0.0,-0.416146836547,0.574176314958
-0.684647353203,0.656986598719,-0.9899924966,3.12187185099
-0.798139165882,0.412118485242,1.0,-0.580317044617
-0.595094724006,-0.756802495308,0.96017028665,1.00933459909
-0.135619001668,0.412118485242,0.283662185463,2.59893569949
-1.40126060384,0.14112000806,-0.9899924966,-2.84520291207
-1.51799322864,-0.958924274663,0.540302305868,-0.647148501472
-1.91250733942,-0.958924274663,1.0,-4.52607772934
-0.488848153462,-0.756802495308,1.0,1.36208636718
-1.09669877178,0.14112000806,0.283662185463,0.958370477251
-0.608834038972,0.841470984808,1.0,-0.284029583764
2.5214303691,0.412118485242,0.753902254343,7.94630956173
-0.486440698233,0.0,-0.911130261885,1.47550757974
-2.14952802841,-0.958924274663,-0.653643620864,-1.65378916507
-0.936084120057,0.412118485242,-0.145500033809,-5.52291748929
-0.447840043314,0.412118485242,-0.9899924966,-2.27706984682
1.63669488436,0.656986598719,-0.9899924966,7.464567295
0.556019171434,0.909297426826,-0.653643620864,0.881027902903
-0.488975879045,0.909297426826,0.283662185463,0.876939930848
-0.543592580962,0.412118485242,0.540302305868,1.29280096242
-0.899582297084,0.989358246623,0.540302305868,-0.0318674989127
0.108396290576,0.14112000806,0.96017028665,2.88765452371
-1.52714180315,0.841470984808,0.283662185463,-3.24722663727
-0.684351862965,0.909297426826,0.283662185463,3.26757654717
0.144854608475,0.841470984808,0.540302305868,0.633129565213
-1.61014599657,0.656986598719,0.283662185463,-0.852595284979
0.953050013383,0.989358246623,-0.145500033809,9.81660969647
0.734930212623,0.412118485242,0.96017028665,6.79144644441
1.13743029251,0.14112000806,1.0,9.86585278083
0.729695378992,-0.756802495308,0.96017028665,6.47972080194
-1.68658502981,-0.756802495308,0.283662185463,-5.69301807149
-0.268650316309,-0.756802495308,0.283662185463,2.22025752593
0.54420238461,0.841470984808,0.283662185463,3.86468711651
1.62949735196,0.14112000806,-0.653643620864,9.52654194551
-0.721390579821,0.412118485242,-0.653643620864,0.00479293548763
0.131001025905,0.909297426826,0.96017028665,4.15199739973
-0.0150426426116,-0.279415498199,1.0,3.17893013569
-0.242679395524,-0.958924274663,-0.416146836547,1.40267812204
0.277974401178,0.0,0.753902254343,4.94446781023
-1.53428502003,-0.958924274663,-0.9899924966,-2.45882699412
-0.327912251907,0.989358246623,0.540302305868,-0.847155447902
0.696023159826,0.656986598719,-0.911130261885,4.56056413916
-0.507291036848,0.841470984808,-0.145500033809,-0.75214437271
-1.952608371,-0.279415498199,1.0,-0.937548267474
0.159249474814,0.14112000806,-0.145500033809,1.40683231594
0.315610282628,0.841470984808,-0.911130261885,-1.13569566724
-0.861378852392,0.14112000806,-0.145500033809,0.980793871384
-0.652504120787,0.656986598719,0.540302305868,-3.12123942741
0.0518931921893,-0.958924274663,0.540302305868,4.73405261994
-1.03812926646,0.989358246623,-0.911130261885,-4.40894514708
0.11972233067,-0.279415498199,-0.911130261885,-1.42705682594
-0.0350575890823,-0.756802495308,-0.653643620864,2.76689471456
-0.172317890026,-0.756802495308,0.540302305868,2.50074557154
1.12062488454,0.14112000806,-0.145500033809,3.4206094888
-0.282019610004,0.656986598719,0.753902254343,3.16380853534
-1.11789783678,-0.279415498199,0.283662185463,-7.49448116841
1.54147173111,0.0,-0.9899924966,4.29834051702
1.12288139533,0.656986598719,-0.9899924966,2.46547116763
-0.11282808925,-0.756802495308,-0.9899924966,1.18680580314
0.37005031619,0.14112000806,-0.653643620864,0.877442380714
0.481087413263,0.656986598719,1.0,5.67063639645
-1.05489905841,0.989358246623,-0.911130261885,-1.83665780658
-0.199304534352,0.14112000806,-0.145500033809,0.576124363665
1.25756495939,0.656986598719,1.0,8.16002566362
0.655848857402,0.656986598719,-0.416146836547,4.26888518114
-0.255183960831,0.909297426826,0.540302305868,0.551571308272
0.659716475822,0.656986598719,-0.653643620864,3.32485584599
-0.840989196632,-0.958924274663,-0.416146836547,-0.953563896138
0.118759813761,0.989358246623,1.0,6.93657769851
-0.184472409493,0.656986598719,-0.653643620864,-1.67208365518
-0.539194642902,-0.279415498199,1.0,4.13505441323
0.190285643012,0.656986598719,-0.145500033809,2.25715305391
-0.421071894195,0.412118485242,0.540302305868,-0.302130698862
0.720678077293,0.989358246623,0.283662185463,4.16579340747
0.00635567586995,0.989358246623,-0.9899924966,-1.71170735948
-0.263929144737,0.841470984808,0.753902254343,3.02959490921
0.51447420028,0.412118485242,-0.416146836547,1.04290073799
1.54977007697,-0.958924274663,-0.9899924966,5.43064302279
-0.71215878497,0.0,-0.9899924966,-0.251595064271
-0.651557378873,0.656986598719,0.96017028665,1.37140612549
0.25193418793,0.656986598719,0.753902254343,2.2917716489
0.818756201383,0.989358246623,0.283662185463,4.75684920037
-1.48521230516,0.412118485242,0.283662185463,0.123399516055
-0.319064716489,-0.958924274663,0.283662185463,2.22157956136
-1.27002367724,0.412118485242,0.283662185463,-1.17462204008
1.86841436348,0.14112000806,-0.911130261885,3.88197776601
-0.528553786978,0.656986598719,-0.416146836547,1.60698697035
-0.201322165461,0.989358246623,1.0,0.072349366427
1.44101002783,0.412118485242,0.753902254343,6.21699208981
0.617619623818,-0.756802495308,0.753902254343,5.88631938826
1.70085851343,0.14112000806,-0.416146836547,8.78675883485
0.465468642945,-0.279415498199,0.753902254343,6.74582598945
0.808122668571,0.0,0.753902254343,4.53628562364
0.376827396757,-0.958924274663,1.0,5.60336484377
1.08808017082,0.0,-0.9899924966,2.9139366198
1.19530235704,-0.279415498199,-0.653643620864,8.71502166098
0.221901060829,0.841470984808,0.283662185463,3.19479648083
-0.634534837092,0.909297426826,-0.416146836547,-1.70955671538
-1.26870733922,-0.958924274663,-0.911130261885,-5.69230873188
-1.03913376654,0.412118485242,1.0,1.88125453068
1.37022400264,0.909297426826,-0.653643620864,6.67311164422
1.96113365275,0.989358246623,-0.9899924966,3.50783723708
-0.628360989615,0.909297426826,0.96017028665,1.38805371766
0.33372334238,0.0,-0.9899924966,1.46291446639
-0.862803773002,-0.958924274663,1.0,2.45517567364
0.743643296735,-0.958924274663,-0.145500033809,3.48712337631
-1.04932719995,0.0,-0.653643620864,-6.92570353328
-0.326084034012,-0.756802495308,-0.416146836547,2.88215389567
0.28692781503,-0.958924274663,-0.911130261885,0.275952185446
0.616592773633,0.412118485242,-0.653643620864,2.10075048457
0.119303198104,0.841470984808,-0.145500033809,1.2939391919
-1.06038808987,0.656986598719,0.96017028665,-4.29771257821
-0.59283233569,0.841470984808,0.540302305868,-1.40302276031
-0.482286622761,0.989358246623,0.283662185463,-1.25406218956
-0.513378509576,0.841470984808,0.753902254343,1.45477227176
0.0535889504972,0.656986598719,0.283662185463,0.0440430773204
1.31714479069,0.14112000806,1.0,10.2593855276
0.246646361872,0.412118485242,-0.416146836547,1.45221986844
-0.121553307656,-0.279415498199,-0.145500033809,1.41857686984
0.0702581156007,-0.279415498199,0.283662185463,3.06238754965
0.0742246492435,0.656986598719,-0.653643620864,-2.57343158316
-0.803816387545,0.14112000806,0.540302305868,1.45341281104
-1.44111534982,0.989358246623,-0.416146836547,-2.98363116626
1.74619227315,0.909297426826,-0.9899924966,7.26454557616
0.563020361389,0.656986598719,-0.145500033809,6.11960725116
-0.219854590734,0.909297426826,-0.653643620864,-2.13720472934
-0.056176711463,0.909297426826,1.0,3.18129006882
-2.0120600314,-0.756802495308,-0.9899924966,-3.8544632943
0.273441371636,-0.756802495308,1.0,5.12384041384
0.949316362029,0.841470984808,-0.9899924966,3.27370557739
-1.21535126286,0.841470984808,0.283662185463,-2.11161930655
1.32449108348,-0.958924274663,-0.416146836547,3.8422065832
-0.718273448002,0.656986598719,0.540302305868,-0.436648277967
1.44172485758,0.841470984808,0.753902254343,7.81022060758
0.00545344546613,0.989358246623,0.96017028665,3.29688781738
0.0849884907378,0.14112000806,0.753902254343,5.60252903617
1.04367085207,0.989358246623,-0.416146836547,3.52830705626
-1.19551210794,-0.958924274663,-0.145500033809,0.683900526057
0.653535365644,-0.279415498199,0.283662185463,6.46160416973
0.692530481807,-0.958924274663,-0.911130261885,3.58984842701
-0.202679253695,-0.756802495308,0.540302305868,2.28848415182
0.633390332299,0.841470984808,-0.145500033809,1.62815290987
0.274929080633,-0.958924274663,-0.145500033809,2.52562379982
1.69838081226,0.14112000806,-0.911130261885,2.85527834556
1.19194897845,-0.756802495308,-0.145500033809,7.16637274498
-0.295376093446,-0.958924274663,0.96017028665,2.87068577418
-0.254234331448,-0.279415498199,-0.145500033809,-1.61631766963
-0.0564661355204,-0.958924274663,-0.653643620864,7.66568436262
0.295796341437,0.909297426826,-0.145500033809,1.733343243
-0.0413209474785,-0.958924274663,0.96017028665,1.77593265155
-0.416544166225,0.989358246623,1.0,2.02642807189
1.65602643843,0.909297426826,0.96017028665,8.93980580945
-0.00631592094847,0.14112000806,-0.416146836547,2.39531104905
0.934950117018,0.0,-0.911130261885,-0.339166631494
0.375385334039,0.0,0.96017028665,5.68162681322
0.369782964594,0.412118485242,1.0,-0.705692623645
1.15998370264,-0.958924274663,0.753902254343,10.917331348
-0.204674598766,0.412118485242,-0.911130261885,1.12658000017
-0.0405328961547,0.989358246623,0.96017028665,4.75469457547
0.0981801633442,0.909297426826,0.283662185463,3.00362398861
-0.25349283873,0.14112000806,0.283662185463,6.47070385487
-1.17854873586,0.412118485242,0.540302305868,-1.09612554813
-0.895445033547,-0.958924274663,-0.145500033809,-0.942782488693
-0.158005093116,-0.756802495308,-0.653643620864,3.68399160462
0.781412846203,-0.279415498199,0.96017028665,4.51973944773
-1.07386736964,0.841470984808,0.540302305868,2.16538290982
-0.304429295123,0.841470984808,0.283662185463,2.7961872465
-2.01021685263,-0.958924274663,-0.653643620864,-3.06210069668
-1.62369877984,0.989358246623,-0.145500033809,-3.75929951154
0.104556575263,0.909297426826,-0.653643620864,0.528905724814
0.0880337962263,0.412118485242,0.283662185463,0.0737031135383
-0.734136840507,0.656986598719,-0.653643620864,-1.39308099384
-0.204693004544,0.412118485242,-0.911130261885,1.15047320968
0.409842983229,-0.958924274663,-0.416146836547,3.1766682078
-1.40289382074,0.0,0.96017028665,1.13858522831
-1.27330255048,0.909297426826,0.96017028665,-3.40943083649
-0.341488577509,0.989358246623,-0.911130261885,1.45359828989
1.89149220908,0.656986598719,-0.145500033809,6.78778579077
1.89462196005,0.656986598719,-0.653643620864,8.11588553502
-1.05798403085,0.412118485242,-0.9899924966,-3.64743440924
-0.406924750214,0.656986598719,-0.145500033809,4.22302157609
-1.47362430757,0.412118485242,0.753902254343,-3.854129975
0.609001527811,0.412118485242,0.753902254343,7.23828718153
-0.201050273042,0.989358246623,1.0,2.44121076021
-0.463569806345,-0.279415498199,0.283662185463,3.66626458961
-0.609948973687,0.656986598719,1.0,-0.409015862
-1.04492123864,0.841470984808,-0.653643620864,-7.93841073593
1.2984932568,-0.279415498199,1.0,8.49042843489
-0.703027328382,-0.756802495308,-0.9899924966,-1.42633538892
-0.325853700757,-0.756802495308,-0.145500033809,1.10429019846
1.04304374211,-0.958924274663,-0.9899924966,9.06241954293
-1.28292169988,-0.756802495308,0.540302305868,-1.07024962681
-0.928172550772,0.841470984808,-0.911130261885,-0.261705762221
0.156786546407,0.412118485242,1.0,3.4010778561
0.682364626917,0.412118485242,0.283662185463,8.04601403684
0.33587673122,0.14112000806,0.96017028665,0.333474236205
0.181501169874,-0.958924274663,1.0,4.85780602528
-1.5967453194,0.412118485242,-0.145500033809,-3.3076401937
0.399077137535,-0.279415498199,0.96017028665,4.44027397294
-1.32803297644,0.989358246623,-0.911130261885,-6.16592648685
-0.133903753344,0.989358246623,0.96017028665,0.424809861426
1.46206789787,-0.958924274663,0.283662185463,5.95928184482
0.982578308926,-0.756802495308,1.0,7.63377962666
0.144704623465,-0.958924274663,0.753902254343,5.47563107785
0.0187028130626,0.14112000806,-0.9899924966,1.54974300737
-0.0288679370964,0.656986598719,1.0,4.05625977389
0.678516767275,0.909297426826,-0.911130261885,0.767531261113
0.219156720276,0.14112000806,1.0,5.94031415604
-1.1978218685,-0.958924274663,0.96017028665,-2.73783104611
2.87411090527,0.909297426826,-0.653643620864,11.9112170862
-0.10326033109,0.14112000806,0.753902254343,4.88420519015
1.57997769615,0.909297426826,0.753902254343,8.14745000695
-0.344904837193,0.412118485242,-0.416146836547,-0.319513696929
-1.16512195582,-0.958924274663,-0.911130261885,-3.93061967823
0.377473411798,0.412118485242,-0.9899924966,2.83641496668
-2.08283674907,0.14112000806,-0.9899924966,-4.60101153363
-1.98325726018,0.909297426826,-0.416146836547,-5.37654212473
